cond_1	cond_2	time	mean_crossval_score	metric
3_item/short	3_item/long	-4.6	0.6233333333333333	roc_auc
3_item/short	3_item/long	-4.59	0.6325000000000001	roc_auc
3_item/short	3_item/long	-4.58	0.5674999999999999	roc_auc
3_item/short	3_item/long	-4.57	0.6325000000000001	roc_auc
3_item/short	3_item/long	-4.56	0.6091666666666666	roc_auc
3_item/short	3_item/long	-4.55	0.65	roc_auc
3_item/short	3_item/long	-4.54	0.6208333333333333	roc_auc
3_item/short	3_item/long	-4.53	0.6683333333333333	roc_auc
3_item/short	3_item/long	-4.52	0.6433333333333333	roc_auc
3_item/short	3_item/long	-4.51	0.7066666666666667	roc_auc
3_item/short	3_item/long	-4.5	0.7075	roc_auc
3_item/short	3_item/long	-4.49	0.765	roc_auc
3_item/short	3_item/long	-4.48	0.6366666666666667	roc_auc
3_item/short	3_item/long	-4.47	0.5291666666666666	roc_auc
3_item/short	3_item/long	-4.46	0.5416666666666666	roc_auc
3_item/short	3_item/long	-4.45	0.6275	roc_auc
3_item/short	3_item/long	-4.44	0.6299999999999999	roc_auc
3_item/short	3_item/long	-4.43	0.6216666666666667	roc_auc
3_item/short	3_item/long	-4.42	0.59	roc_auc
3_item/short	3_item/long	-4.41	0.5616666666666666	roc_auc
3_item/short	3_item/long	-4.4	0.6375000000000001	roc_auc
3_item/short	3_item/long	-4.39	0.5	roc_auc
3_item/short	3_item/long	-4.38	0.5733333333333334	roc_auc
3_item/short	3_item/long	-4.37	0.5725	roc_auc
3_item/short	3_item/long	-4.36	0.5766666666666667	roc_auc
3_item/short	3_item/long	-4.35	0.6224999999999999	roc_auc
3_item/short	3_item/long	-4.34	0.5608333333333333	roc_auc
3_item/short	3_item/long	-4.33	0.54	roc_auc
3_item/short	3_item/long	-4.32	0.48166666666666674	roc_auc
3_item/short	3_item/long	-4.31	0.6283333333333333	roc_auc
3_item/short	3_item/long	-4.3	0.5533333333333333	roc_auc
3_item/short	3_item/long	-4.29	0.5116666666666667	roc_auc
3_item/short	3_item/long	-4.28	0.6158333333333335	roc_auc
3_item/short	3_item/long	-4.27	0.6633333333333333	roc_auc
3_item/short	3_item/long	-4.26	0.5808333333333333	roc_auc
3_item/short	3_item/long	-4.25	0.5566666666666666	roc_auc
3_item/short	3_item/long	-4.24	0.4975	roc_auc
3_item/short	3_item/long	-4.23	0.5266666666666666	roc_auc
3_item/short	3_item/long	-4.22	0.6783333333333335	roc_auc
3_item/short	3_item/long	-4.21	0.6166666666666667	roc_auc
3_item/short	3_item/long	-4.2	0.49750000000000005	roc_auc
3_item/short	3_item/long	-4.19	0.4766666666666667	roc_auc
3_item/short	3_item/long	-4.18	0.5408333333333333	roc_auc
3_item/short	3_item/long	-4.17	0.5733333333333334	roc_auc
3_item/short	3_item/long	-4.16	0.6075	roc_auc
3_item/short	3_item/long	-4.15	0.6141666666666667	roc_auc
3_item/short	3_item/long	-4.14	0.5258333333333334	roc_auc
3_item/short	3_item/long	-4.13	0.5058333333333334	roc_auc
3_item/short	3_item/long	-4.12	0.5083333333333333	roc_auc
3_item/short	3_item/long	-4.11	0.44916666666666666	roc_auc
3_item/short	3_item/long	-4.1	0.6083333333333334	roc_auc
3_item/short	3_item/long	-4.09	0.58	roc_auc
3_item/short	3_item/long	-4.08	0.4716666666666667	roc_auc
3_item/short	3_item/long	-4.07	0.5449999999999999	roc_auc
3_item/short	3_item/long	-4.06	0.5483333333333333	roc_auc
3_item/short	3_item/long	-4.05	0.5708333333333333	roc_auc
3_item/short	3_item/long	-4.04	0.38	roc_auc
3_item/short	3_item/long	-4.03	0.6024999999999999	roc_auc
3_item/short	3_item/long	-4.02	0.5833333333333333	roc_auc
3_item/short	3_item/long	-4.01	0.6799999999999999	roc_auc
3_item/short	3_item/long	-4.0	0.7525000000000001	roc_auc
3_item/short	3_item/long	-3.99	0.8425	roc_auc
3_item/short	3_item/long	-3.98	0.7191666666666667	roc_auc
3_item/short	3_item/long	-3.97	0.6125	roc_auc
3_item/short	3_item/long	-3.96	0.6716666666666666	roc_auc
3_item/short	3_item/long	-3.95	0.6708333333333334	roc_auc
3_item/short	3_item/long	-3.94	0.7366666666666667	roc_auc
3_item/short	3_item/long	-3.93	0.6633333333333333	roc_auc
3_item/short	3_item/long	-3.92	0.6908333333333333	roc_auc
3_item/short	3_item/long	-3.91	0.8258333333333333	roc_auc
3_item/short	3_item/long	-3.9	0.6666666666666667	roc_auc
3_item/short	3_item/long	-3.89	0.5691666666666666	roc_auc
3_item/short	3_item/long	-3.88	0.5333333333333334	roc_auc
3_item/short	3_item/long	-3.87	0.7333333333333333	roc_auc
3_item/short	3_item/long	-3.86	0.6833333333333333	roc_auc
3_item/short	3_item/long	-3.85	0.5258333333333334	roc_auc
3_item/short	3_item/long	-3.84	0.5133333333333333	roc_auc
3_item/short	3_item/long	-3.83	0.5275	roc_auc
3_item/short	3_item/long	-3.82	0.5149999999999999	roc_auc
3_item/short	3_item/long	-3.81	0.5216666666666666	roc_auc
3_item/short	3_item/long	-3.8	0.5066666666666667	roc_auc
3_item/short	3_item/long	-3.79	0.5025	roc_auc
3_item/short	3_item/long	-3.78	0.49833333333333335	roc_auc
3_item/short	3_item/long	-3.77	0.495	roc_auc
3_item/short	3_item/long	-3.76	0.5808333333333333	roc_auc
3_item/short	3_item/long	-3.75	0.5708333333333333	roc_auc
3_item/short	3_item/long	-3.74	0.5783333333333334	roc_auc
3_item/short	3_item/long	-3.73	0.5441666666666666	roc_auc
3_item/short	3_item/long	-3.72	0.5583333333333333	roc_auc
3_item/short	3_item/long	-3.71	0.5541666666666667	roc_auc
3_item/short	3_item/long	-3.7	0.4733333333333334	roc_auc
3_item/short	3_item/long	-3.69	0.54	roc_auc
3_item/short	3_item/long	-3.68	0.5249999999999999	roc_auc
3_item/short	3_item/long	-3.67	0.4408333333333333	roc_auc
3_item/short	3_item/long	-3.66	0.6225	roc_auc
3_item/short	3_item/long	-3.65	0.5725	roc_auc
3_item/short	3_item/long	-3.64	0.5375	roc_auc
3_item/short	3_item/long	-3.63	0.55	roc_auc
3_item/short	3_item/long	-3.62	0.5258333333333334	roc_auc
3_item/short	3_item/long	-3.61	0.6291666666666667	roc_auc
3_item/short	3_item/long	-3.6	0.5641666666666667	roc_auc
3_item/short	3_item/long	-3.59	0.505	roc_auc
3_item/short	3_item/long	-3.58	0.42416666666666664	roc_auc
3_item/short	3_item/long	-3.57	0.6316666666666666	roc_auc
3_item/short	3_item/long	-3.56	0.6499999999999999	roc_auc
3_item/short	3_item/long	-3.55	0.45333333333333337	roc_auc
3_item/short	3_item/long	-3.54	0.6025	roc_auc
3_item/short	3_item/long	-3.53	0.5433333333333333	roc_auc
3_item/short	3_item/long	-3.52	0.5316666666666667	roc_auc
3_item/short	3_item/long	-3.51	0.4883333333333334	roc_auc
3_item/short	3_item/long	-3.5	0.6083333333333333	roc_auc
3_item/short	3_item/long	-3.49	0.5283333333333333	roc_auc
3_item/short	3_item/long	-3.48	0.6858333333333333	roc_auc
3_item/short	3_item/long	-3.47	0.5441666666666667	roc_auc
3_item/short	3_item/long	-3.46	0.44916666666666666	roc_auc
3_item/short	3_item/long	-3.45	0.43166666666666664	roc_auc
3_item/short	3_item/long	-3.44	0.36083333333333334	roc_auc
3_item/short	3_item/long	-3.43	0.4391666666666667	roc_auc
3_item/short	3_item/long	-3.42	0.5016666666666667	roc_auc
3_item/short	3_item/long	-3.41	0.3666666666666667	roc_auc
3_item/short	3_item/long	-3.4	0.5175000000000001	roc_auc
3_item/short	3_item/long	-3.39	0.5308333333333333	roc_auc
3_item/short	3_item/long	-3.38	0.4241666666666667	roc_auc
3_item/short	3_item/long	-3.37	0.4141666666666667	roc_auc
3_item/short	3_item/long	-3.36	0.5858333333333333	roc_auc
3_item/short	3_item/long	-3.35	0.5066666666666666	roc_auc
3_item/short	3_item/long	-3.34	0.6766666666666666	roc_auc
3_item/short	3_item/long	-3.33	0.5933333333333334	roc_auc
3_item/short	3_item/long	-3.32	0.3883333333333333	roc_auc
3_item/short	3_item/long	-3.31	0.4241666666666667	roc_auc
3_item/short	3_item/long	-3.3	0.5008333333333334	roc_auc
3_item/short	3_item/long	-3.29	0.5316666666666666	roc_auc
3_item/short	3_item/long	-3.28	0.5625	roc_auc
3_item/short	3_item/long	-3.27	0.47916666666666663	roc_auc
3_item/short	3_item/long	-3.26	0.44083333333333335	roc_auc
3_item/short	3_item/long	-3.25	0.6600000000000001	roc_auc
3_item/short	3_item/long	-3.24	0.6391666666666667	roc_auc
3_item/short	3_item/long	-3.23	0.525	roc_auc
3_item/short	3_item/long	-3.22	0.5058333333333334	roc_auc
3_item/short	3_item/long	-3.21	0.6308333333333334	roc_auc
3_item/short	3_item/long	-3.2	0.5516666666666666	roc_auc
3_item/short	3_item/long	-3.19	0.4283333333333333	roc_auc
3_item/short	3_item/long	-3.18	0.5874999999999999	roc_auc
3_item/short	3_item/long	-3.17	0.6183333333333334	roc_auc
3_item/short	3_item/long	-3.16	0.5658333333333334	roc_auc
3_item/short	3_item/long	-3.15	0.5875	roc_auc
3_item/short	3_item/long	-3.14	0.4175	roc_auc
3_item/short	3_item/long	-3.13	0.48833333333333334	roc_auc
3_item/short	3_item/long	-3.12	0.585	roc_auc
3_item/short	3_item/long	-3.11	0.6316666666666667	roc_auc
3_item/short	3_item/long	-3.1	0.5441666666666667	roc_auc
3_item/short	3_item/long	-3.09	0.6074999999999999	roc_auc
3_item/short	3_item/long	-3.08	0.5741666666666667	roc_auc
3_item/short	3_item/long	-3.07	0.6366666666666667	roc_auc
3_item/short	3_item/long	-3.06	0.365	roc_auc
3_item/short	3_item/long	-3.05	0.5808333333333333	roc_auc
3_item/short	3_item/long	-3.04	0.5900000000000001	roc_auc
3_item/short	3_item/long	-3.03	0.52	roc_auc
3_item/short	3_item/long	-3.02	0.5283333333333333	roc_auc
3_item/short	3_item/long	-3.01	0.49583333333333335	roc_auc
3_item/short	3_item/long	-3.0	0.43	roc_auc
3_item/short	3_item/long	-2.99	0.5708333333333333	roc_auc
3_item/short	3_item/long	-2.98	0.4733333333333333	roc_auc
3_item/short	3_item/long	-2.97	0.5533333333333333	roc_auc
3_item/short	3_item/long	-2.96	0.6366666666666667	roc_auc
3_item/short	3_item/long	-2.95	0.4341666666666667	roc_auc
3_item/short	3_item/long	-2.94	0.5808333333333333	roc_auc
3_item/short	3_item/long	-2.93	0.5133333333333333	roc_auc
3_item/short	3_item/long	-2.92	0.3933333333333333	roc_auc
3_item/short	3_item/long	-2.91	0.47916666666666663	roc_auc
3_item/short	3_item/long	-2.9	0.4575	roc_auc
3_item/short	3_item/long	-2.89	0.38166666666666665	roc_auc
3_item/short	3_item/long	-2.88	0.48583333333333334	roc_auc
3_item/short	3_item/long	-2.87	0.37833333333333335	roc_auc
3_item/short	3_item/long	-2.86	0.4683333333333333	roc_auc
3_item/short	3_item/long	-2.85	0.43333333333333335	roc_auc
3_item/short	3_item/long	-2.84	0.3875	roc_auc
3_item/short	3_item/long	-2.83	0.6325	roc_auc
3_item/short	3_item/long	-2.82	0.6125	roc_auc
3_item/short	3_item/long	-2.81	0.5833333333333334	roc_auc
3_item/short	3_item/long	-2.8	0.4983333333333333	roc_auc
3_item/short	3_item/long	-2.79	0.5333333333333333	roc_auc
3_item/short	3_item/long	-2.78	0.5275	roc_auc
3_item/short	3_item/long	-2.77	0.43499999999999994	roc_auc
3_item/short	3_item/long	-2.76	0.5091666666666665	roc_auc
3_item/short	3_item/long	-2.75	0.4883333333333333	roc_auc
3_item/short	3_item/long	-2.74	0.4291666666666667	roc_auc
3_item/short	3_item/long	-2.73	0.4783333333333334	roc_auc
3_item/short	3_item/long	-2.72	0.38083333333333336	roc_auc
3_item/short	3_item/long	-2.71	0.6258333333333332	roc_auc
3_item/short	3_item/long	-2.7	0.49250000000000005	roc_auc
3_item/short	3_item/long	-2.69	0.4525	roc_auc
3_item/short	3_item/long	-2.68	0.42166666666666663	roc_auc
3_item/short	3_item/long	-2.67	0.515	roc_auc
3_item/short	3_item/long	-2.66	0.5050000000000001	roc_auc
3_item/short	3_item/long	-2.65	0.5383333333333333	roc_auc
3_item/short	3_item/long	-2.64	0.5133333333333333	roc_auc
3_item/short	3_item/long	-2.63	0.4983333333333333	roc_auc
3_item/short	3_item/long	-2.62	0.5383333333333333	roc_auc
3_item/short	3_item/long	-2.61	0.605	roc_auc
3_item/short	3_item/long	-2.6	0.69	roc_auc
3_item/short	3_item/long	-2.59	0.47	roc_auc
3_item/short	3_item/long	-2.58	0.46249999999999997	roc_auc
3_item/short	3_item/long	-2.57	0.4033333333333333	roc_auc
3_item/short	3_item/long	-2.56	0.43000000000000005	roc_auc
3_item/short	3_item/long	-2.55	0.53	roc_auc
3_item/short	3_item/long	-2.54	0.5016666666666667	roc_auc
3_item/short	3_item/long	-2.53	0.55	roc_auc
3_item/short	3_item/long	-2.52	0.5691666666666666	roc_auc
3_item/short	3_item/long	-2.51	0.5383333333333333	roc_auc
3_item/short	3_item/long	-2.5	0.43833333333333335	roc_auc
3_item/short	3_item/long	-2.49	0.4591666666666666	roc_auc
3_item/short	3_item/long	-2.48	0.34833333333333333	roc_auc
3_item/short	3_item/long	-2.47	0.6108333333333333	roc_auc
3_item/short	3_item/long	-2.46	0.5016666666666666	roc_auc
3_item/short	3_item/long	-2.45	0.4308333333333334	roc_auc
3_item/short	3_item/long	-2.44	0.5408333333333333	roc_auc
3_item/short	3_item/long	-2.43	0.49416666666666664	roc_auc
3_item/short	3_item/long	-2.42	0.46416666666666667	roc_auc
3_item/short	3_item/long	-2.41	0.45499999999999996	roc_auc
3_item/short	3_item/long	-2.4	0.4375	roc_auc
3_item/short	3_item/long	-2.39	0.485	roc_auc
3_item/short	3_item/long	-2.38	0.385	roc_auc
3_item/short	3_item/long	-2.37	0.4666666666666666	roc_auc
3_item/short	3_item/long	-2.36	0.45666666666666667	roc_auc
3_item/short	3_item/long	-2.35	0.5475	roc_auc
3_item/short	3_item/long	-2.34	0.3975	roc_auc
3_item/short	3_item/long	-2.33	0.53	roc_auc
3_item/short	3_item/long	-2.32	0.585	roc_auc
3_item/short	3_item/long	-2.31	0.4133333333333334	roc_auc
3_item/short	3_item/long	-2.3	0.4491666666666667	roc_auc
3_item/short	3_item/long	-2.29	0.4116666666666667	roc_auc
3_item/short	3_item/long	-2.28	0.48583333333333334	roc_auc
3_item/short	3_item/long	-2.27	0.5058333333333334	roc_auc
3_item/short	3_item/long	-2.26	0.3591666666666667	roc_auc
3_item/short	3_item/long	-2.25	0.4766666666666667	roc_auc
3_item/short	3_item/long	-2.24	0.4491666666666667	roc_auc
3_item/short	3_item/long	-2.23	0.5591666666666667	roc_auc
3_item/short	3_item/long	-2.22	0.5700000000000001	roc_auc
3_item/short	3_item/long	-2.21	0.5325	roc_auc
3_item/short	3_item/long	-2.2	0.4383333333333333	roc_auc
3_item/short	3_item/long	-2.19	0.5675000000000001	roc_auc
3_item/short	3_item/long	-2.18	0.5375	roc_auc
3_item/short	3_item/long	-2.17	0.5025	roc_auc
3_item/short	3_item/long	-2.16	0.5075	roc_auc
3_item/short	3_item/long	-2.15	0.4458333333333333	roc_auc
3_item/short	3_item/long	-2.14	0.4083333333333333	roc_auc
3_item/short	3_item/long	-2.13	0.4375	roc_auc
3_item/short	3_item/long	-2.12	0.37416666666666665	roc_auc
3_item/short	3_item/long	-2.11	0.42083333333333334	roc_auc
3_item/short	3_item/long	-2.1	0.405	roc_auc
3_item/short	3_item/long	-2.09	0.45166666666666666	roc_auc
3_item/short	3_item/long	-2.08	0.5316666666666667	roc_auc
3_item/short	3_item/long	-2.07	0.4916666666666667	roc_auc
3_item/short	3_item/long	-2.06	0.5691666666666666	roc_auc
3_item/short	3_item/long	-2.05	0.5666666666666667	roc_auc
3_item/short	3_item/long	-2.04	0.48916666666666664	roc_auc
3_item/short	3_item/long	-2.03	0.6733333333333333	roc_auc
3_item/short	3_item/long	-2.02	0.6008333333333333	roc_auc
3_item/short	3_item/long	-2.01	0.5191666666666667	roc_auc
3_item/short	3_item/long	-2.0	0.5616666666666665	roc_auc
3_item/short	3_item/long	-1.99	0.6775	roc_auc
3_item/short	3_item/long	-1.98	0.7375	roc_auc
3_item/short	3_item/long	-1.97	0.7050000000000001	roc_auc
3_item/short	3_item/long	-1.96	0.6675	roc_auc
3_item/short	3_item/long	-1.95	0.7125	roc_auc
3_item/short	3_item/long	-1.94	0.4808333333333334	roc_auc
3_item/short	3_item/long	-1.93	0.7483333333333333	roc_auc
3_item/short	3_item/long	-1.92	0.6833333333333333	roc_auc
3_item/short	3_item/long	-1.91	0.6141666666666667	roc_auc
3_item/short	3_item/long	-1.9	0.7725	roc_auc
3_item/short	3_item/long	-1.89	0.63	roc_auc
3_item/short	3_item/long	-1.88	0.6016666666666667	roc_auc
3_item/short	3_item/long	-1.87	0.6891666666666667	roc_auc
3_item/short	3_item/long	-1.86	0.6283333333333334	roc_auc
3_item/short	3_item/long	-1.85	0.7083333333333334	roc_auc
3_item/short	3_item/long	-1.84	0.595	roc_auc
3_item/short	3_item/long	-1.83	0.5808333333333333	roc_auc
3_item/short	3_item/long	-1.82	0.54	roc_auc
3_item/short	3_item/long	-1.81	0.5808333333333333	roc_auc
3_item/short	3_item/long	-1.8	0.5891666666666666	roc_auc
3_item/short	3_item/long	-1.79	0.5475	roc_auc
3_item/short	3_item/long	-1.78	0.38250000000000006	roc_auc
3_item/short	3_item/long	-1.77	0.6366666666666666	roc_auc
3_item/short	3_item/long	-1.76	0.6675	roc_auc
3_item/short	3_item/long	-1.75	0.5908333333333333	roc_auc
3_item/short	3_item/long	-1.74	0.6216666666666666	roc_auc
3_item/short	3_item/long	-1.73	0.5783333333333334	roc_auc
3_item/short	3_item/long	-1.72	0.61	roc_auc
3_item/short	3_item/long	-1.71	0.6100000000000001	roc_auc
3_item/short	3_item/long	-1.7	0.5233333333333334	roc_auc
3_item/short	3_item/long	-1.69	0.5125	roc_auc
3_item/short	3_item/long	-1.68	0.4575	roc_auc
3_item/short	3_item/long	-1.67	0.4066666666666667	roc_auc
3_item/short	3_item/long	-1.66	0.5750000000000001	roc_auc
3_item/short	3_item/long	-1.65	0.6483333333333333	roc_auc
3_item/short	3_item/long	-1.64	0.6333333333333333	roc_auc
3_item/short	3_item/long	-1.63	0.6125	roc_auc
3_item/short	3_item/long	-1.62	0.47000000000000003	roc_auc
3_item/short	3_item/long	-1.61	0.6616666666666666	roc_auc
3_item/short	3_item/long	-1.6	0.6283333333333333	roc_auc
3_item/short	3_item/long	-1.59	0.4575	roc_auc
3_item/short	3_item/long	-1.58	0.5141666666666667	roc_auc
3_item/short	3_item/long	-1.57	0.5333333333333333	roc_auc
3_item/short	3_item/long	-1.56	0.5658333333333333	roc_auc
3_item/short	3_item/long	-1.55	0.5525	roc_auc
3_item/short	3_item/long	-1.54	0.4175	roc_auc
3_item/short	3_item/long	-1.53	0.43333333333333335	roc_auc
3_item/short	3_item/long	-1.52	0.49583333333333335	roc_auc
3_item/short	3_item/long	-1.51	0.5233333333333333	roc_auc
3_item/short	3_item/long	-1.5	0.5633333333333334	roc_auc
3_item/short	3_item/long	-1.49	0.43416666666666665	roc_auc
3_item/short	3_item/long	-1.48	0.5708333333333333	roc_auc
3_item/short	3_item/long	-1.47	0.4016666666666667	roc_auc
3_item/short	3_item/long	-1.46	0.5458333333333334	roc_auc
3_item/short	3_item/long	-1.45	0.5575	roc_auc
3_item/short	3_item/long	-1.44	0.5066666666666667	roc_auc
3_item/short	3_item/long	-1.43	0.5658333333333333	roc_auc
3_item/short	3_item/long	-1.42	0.33166666666666667	roc_auc
3_item/short	3_item/long	-1.41	0.5208333333333333	roc_auc
3_item/short	3_item/long	-1.4	0.5458333333333334	roc_auc
3_item/short	3_item/long	-1.39	0.5308333333333333	roc_auc
3_item/short	3_item/long	-1.38	0.5008333333333334	roc_auc
3_item/short	3_item/long	-1.37	0.4816666666666667	roc_auc
3_item/short	3_item/long	-1.36	0.4158333333333334	roc_auc
3_item/short	3_item/long	-1.35	0.46499999999999997	roc_auc
3_item/short	3_item/long	-1.34	0.48833333333333334	roc_auc
3_item/short	3_item/long	-1.33	0.4308333333333333	roc_auc
3_item/short	3_item/long	-1.32	0.45166666666666666	roc_auc
3_item/short	3_item/long	-1.31	0.5725	roc_auc
3_item/short	3_item/long	-1.3	0.5991666666666666	roc_auc
3_item/short	3_item/long	-1.29	0.6025	roc_auc
3_item/short	3_item/long	-1.28	0.47833333333333333	roc_auc
3_item/short	3_item/long	-1.27	0.5933333333333333	roc_auc
3_item/short	3_item/long	-1.26	0.5841666666666667	roc_auc
3_item/short	3_item/long	-1.25	0.5691666666666666	roc_auc
3_item/short	3_item/long	-1.24	0.6033333333333333	roc_auc
3_item/short	3_item/long	-1.23	0.7008333333333334	roc_auc
3_item/short	3_item/long	-1.22	0.5266666666666667	roc_auc
3_item/short	3_item/long	-1.21	0.5116666666666667	roc_auc
3_item/short	3_item/long	-1.2	0.5908333333333333	roc_auc
3_item/short	3_item/long	-1.19	0.4066666666666666	roc_auc
3_item/short	3_item/long	-1.18	0.5741666666666667	roc_auc
3_item/short	3_item/long	-1.17	0.5616666666666666	roc_auc
3_item/short	3_item/long	-1.16	0.48	roc_auc
3_item/short	3_item/long	-1.15	0.5358333333333333	roc_auc
3_item/short	3_item/long	-1.14	0.52	roc_auc
3_item/short	3_item/long	-1.13	0.4391666666666667	roc_auc
3_item/short	3_item/long	-1.12	0.5491666666666667	roc_auc
3_item/short	3_item/long	-1.11	0.6158333333333332	roc_auc
3_item/short	3_item/long	-1.1	0.4633333333333334	roc_auc
3_item/short	3_item/long	-1.09	0.63	roc_auc
3_item/short	3_item/long	-1.08	0.5683333333333334	roc_auc
3_item/short	3_item/long	-1.07	0.635	roc_auc
3_item/short	3_item/long	-1.06	0.6499999999999999	roc_auc
3_item/short	3_item/long	-1.05	0.5175000000000001	roc_auc
3_item/short	3_item/long	-1.04	0.5449999999999999	roc_auc
3_item/short	3_item/long	-1.03	0.485	roc_auc
3_item/short	3_item/long	-1.02	0.5241666666666667	roc_auc
3_item/short	3_item/long	-1.01	0.5316666666666666	roc_auc
3_item/short	3_item/long	-1.0	0.4575	roc_auc
3_item/short	3_item/long	-0.99	0.5208333333333334	roc_auc
3_item/short	3_item/long	-0.98	0.5591666666666667	roc_auc
3_item/short	3_item/long	-0.97	0.5275000000000001	roc_auc
3_item/short	3_item/long	-0.96	0.51	roc_auc
3_item/short	3_item/long	-0.95	0.4916666666666667	roc_auc
3_item/short	3_item/long	-0.94	0.42583333333333334	roc_auc
3_item/short	3_item/long	-0.93	0.44083333333333335	roc_auc
3_item/short	3_item/long	-0.92	0.4708333333333333	roc_auc
3_item/short	3_item/long	-0.91	0.5066666666666666	roc_auc
3_item/short	3_item/long	-0.9	0.46	roc_auc
3_item/short	3_item/long	-0.89	0.48	roc_auc
3_item/short	3_item/long	-0.88	0.5183333333333333	roc_auc
3_item/short	3_item/long	-0.87	0.3775	roc_auc
3_item/short	3_item/long	-0.86	0.4925	roc_auc
3_item/short	3_item/long	-0.85	0.5525	roc_auc
3_item/short	3_item/long	-0.84	0.44916666666666666	roc_auc
3_item/short	3_item/long	-0.83	0.5666666666666667	roc_auc
3_item/short	3_item/long	-0.82	0.515	roc_auc
3_item/short	3_item/long	-0.81	0.6341666666666667	roc_auc
3_item/short	3_item/long	-0.8	0.5783333333333334	roc_auc
3_item/short	3_item/long	-0.79	0.495	roc_auc
3_item/short	3_item/long	-0.78	0.5766666666666667	roc_auc
3_item/short	3_item/long	-0.77	0.37416666666666665	roc_auc
3_item/short	3_item/long	-0.76	0.40666666666666673	roc_auc
3_item/short	3_item/long	-0.75	0.44333333333333336	roc_auc
3_item/short	3_item/long	-0.74	0.5175	roc_auc
3_item/short	3_item/long	-0.73	0.5791666666666666	roc_auc
3_item/short	3_item/long	-0.72	0.49583333333333335	roc_auc
3_item/short	3_item/long	-0.71	0.455	roc_auc
3_item/short	3_item/long	-0.7	0.4816666666666667	roc_auc
3_item/short	3_item/long	-0.69	0.4983333333333333	roc_auc
3_item/short	3_item/long	-0.68	0.5358333333333334	roc_auc
3_item/short	3_item/long	-0.67	0.5641666666666667	roc_auc
3_item/short	3_item/long	-0.66	0.4691666666666667	roc_auc
3_item/short	3_item/long	-0.65	0.5391666666666667	roc_auc
3_item/short	3_item/long	-0.64	0.4983333333333334	roc_auc
3_item/short	3_item/long	-0.63	0.4483333333333333	roc_auc
3_item/short	3_item/long	-0.62	0.4625	roc_auc
3_item/short	3_item/long	-0.61	0.5475	roc_auc
3_item/short	3_item/long	-0.6	0.4525	roc_auc
3_item/short	3_item/long	-0.59	0.42583333333333334	roc_auc
3_item/short	3_item/long	-0.58	0.5125	roc_auc
3_item/short	3_item/long	-0.57	0.4191666666666667	roc_auc
3_item/short	3_item/long	-0.56	0.5391666666666667	roc_auc
3_item/short	3_item/long	-0.55	0.5191666666666666	roc_auc
3_item/short	3_item/long	-0.54	0.49166666666666664	roc_auc
3_item/short	3_item/long	-0.53	0.5633333333333334	roc_auc
3_item/short	3_item/long	-0.52	0.4541666666666666	roc_auc
3_item/short	3_item/long	-0.51	0.4225	roc_auc
3_item/short	3_item/long	-0.5	0.45	roc_auc
3_item/short	3_item/long	-0.49	0.525	roc_auc
3_item/short	3_item/long	-0.48	0.44833333333333336	roc_auc
3_item/short	3_item/long	-0.47	0.5558333333333334	roc_auc
3_item/short	3_item/long	-0.46	0.5366666666666666	roc_auc
3_item/short	3_item/long	-0.45	0.5358333333333333	roc_auc
3_item/short	3_item/long	-0.44	0.605	roc_auc
3_item/short	3_item/long	-0.43	0.5958333333333333	roc_auc
3_item/short	3_item/long	-0.42	0.465	roc_auc
3_item/short	3_item/long	-0.41	0.5025000000000001	roc_auc
3_item/short	3_item/long	-0.4	0.42833333333333334	roc_auc
3_item/short	3_item/long	-0.39	0.5108333333333333	roc_auc
3_item/short	3_item/long	-0.38	0.5575000000000001	roc_auc
3_item/short	3_item/long	-0.37	0.61	roc_auc
3_item/short	3_item/long	-0.36	0.5075000000000001	roc_auc
3_item/short	3_item/long	-0.35	0.5275	roc_auc
3_item/short	3_item/long	-0.34	0.49916666666666665	roc_auc
3_item/short	3_item/long	-0.33	0.5225	roc_auc
3_item/short	3_item/long	-0.32	0.5033333333333333	roc_auc
3_item/short	3_item/long	-0.31	0.5691666666666667	roc_auc
3_item/short	3_item/long	-0.3	0.49166666666666664	roc_auc
3_item/short	3_item/long	-0.29	0.5441666666666667	roc_auc
3_item/short	3_item/long	-0.28	0.5625	roc_auc
3_item/short	3_item/long	-0.27	0.36333333333333334	roc_auc
3_item/short	3_item/long	-0.26	0.525	roc_auc
3_item/short	3_item/long	-0.25	0.6799999999999999	roc_auc
3_item/short	3_item/long	-0.24	0.5108333333333333	roc_auc
3_item/short	3_item/long	-0.23	0.36583333333333334	roc_auc
3_item/short	3_item/long	-0.22	0.38166666666666665	roc_auc
3_item/short	3_item/long	-0.21	0.4383333333333333	roc_auc
3_item/short	3_item/long	-0.2	0.5525	roc_auc
3_item/short	3_item/long	-0.19	0.34	roc_auc
3_item/short	3_item/long	-0.18	0.5025	roc_auc
3_item/short	3_item/long	-0.17	0.6133333333333333	roc_auc
3_item/short	3_item/long	-0.16	0.36	roc_auc
3_item/short	3_item/long	-0.15	0.48583333333333334	roc_auc
3_item/short	3_item/long	-0.14	0.6191666666666666	roc_auc
3_item/short	3_item/long	-0.13	0.5175000000000001	roc_auc
3_item/short	3_item/long	-0.12	0.4575	roc_auc
3_item/short	3_item/long	-0.11	0.44500000000000006	roc_auc
3_item/short	3_item/long	-0.1	0.4525	roc_auc
3_item/short	3_item/long	-0.09	0.515	roc_auc
3_item/short	3_item/long	-0.08	0.4591666666666666	roc_auc
3_item/short	3_item/long	-0.07	0.6074999999999999	roc_auc
3_item/short	3_item/long	-0.06	0.5575	roc_auc
3_item/short	3_item/long	-0.05	0.5875	roc_auc
3_item/short	3_item/long	-0.04	0.47583333333333333	roc_auc
3_item/short	3_item/long	-0.03	0.6941666666666666	roc_auc
3_item/short	3_item/long	-0.02	0.6158333333333335	roc_auc
3_item/short	3_item/long	-0.01	0.6066666666666667	roc_auc
3_item/short	3_item/long	0.0	0.5558333333333334	roc_auc
3_item/short	3_item/long	0.01	0.5533333333333333	roc_auc
3_item/short	3_item/long	0.02	0.5733333333333333	roc_auc
3_item/short	3_item/long	0.03	0.5333333333333332	roc_auc
3_item/short	3_item/long	0.04	0.4891666666666667	roc_auc
3_item/short	3_item/long	0.05	0.5383333333333333	roc_auc
3_item/short	3_item/long	0.06	0.3933333333333333	roc_auc
3_item/short	3_item/long	0.07	0.49083333333333334	roc_auc
3_item/short	3_item/long	0.08	0.5266666666666667	roc_auc
3_item/short	3_item/long	0.09	0.5566666666666666	roc_auc
3_item/short	3_item/long	0.1	0.44	roc_auc
3_item/short	3_item/long	0.11	0.4683333333333333	roc_auc
3_item/short	3_item/long	0.12	0.5658333333333334	roc_auc
3_item/short	3_item/long	0.13	0.45500000000000007	roc_auc
3_item/short	3_item/long	0.14	0.5141666666666667	roc_auc
3_item/short	3_item/long	0.15	0.4691666666666666	roc_auc
3_item/short	3_item/long	0.16	0.5416666666666667	roc_auc
3_item/short	3_item/long	0.17	0.5916666666666667	roc_auc
3_item/short	3_item/long	0.18	0.605	roc_auc
3_item/short	3_item/long	0.19	0.4225	roc_auc
3_item/short	3_item/long	0.2	0.5691666666666667	roc_auc
3_item/short	3_item/long	0.21	0.40666666666666673	roc_auc
3_item/short	3_item/long	0.22	0.455	roc_auc
3_item/short	3_item/long	0.23	0.45166666666666666	roc_auc
3_item/short	3_item/long	0.24	0.5125	roc_auc
3_item/short	3_item/long	0.25	0.5449999999999999	roc_auc
3_item/short	3_item/long	0.26	0.5766666666666667	roc_auc
3_item/short	3_item/long	0.27	0.6641666666666667	roc_auc
3_item/short	3_item/long	0.28	0.5658333333333334	roc_auc
3_item/short	3_item/long	0.29	0.55	roc_auc
3_item/short	3_item/long	0.3	0.5033333333333334	roc_auc
3_item/short	3_item/long	0.31	0.5675	roc_auc
3_item/short	3_item/long	0.32	0.5541666666666667	roc_auc
3_item/short	3_item/long	0.33	0.3625	roc_auc
3_item/short	3_item/long	0.34	0.45833333333333337	roc_auc
3_item/short	3_item/long	0.35	0.5249999999999999	roc_auc
3_item/short	3_item/long	0.36	0.5191666666666667	roc_auc
3_item/short	3_item/long	0.37	0.4633333333333333	roc_auc
3_item/short	3_item/long	0.38	0.46833333333333327	roc_auc
3_item/short	3_item/long	0.39	0.655	roc_auc
3_item/short	3_item/long	0.4	0.5216666666666667	roc_auc
3_item/short	3_item/long	0.41	0.5616666666666666	roc_auc
3_item/short	3_item/long	0.42	0.4916666666666667	roc_auc
3_item/short	3_item/long	0.43	0.5375	roc_auc
3_item/short	3_item/long	0.44	0.45666666666666667	roc_auc
3_item/short	3_item/long	0.45	0.5766666666666667	roc_auc
3_item/short	3_item/long	0.46	0.575	roc_auc
3_item/short	3_item/long	0.47	0.7075	roc_auc
3_item/short	3_item/long	0.48	0.39916666666666667	roc_auc
3_item/short	3_item/long	0.49	0.5225	roc_auc
3_item/short	3_item/long	0.5	0.4625	roc_auc
3_item/short	3_item/long	0.51	0.3725	roc_auc
3_item/short	3_item/long	0.52	0.45083333333333336	roc_auc
3_item/short	3_item/long	0.53	0.4516666666666667	roc_auc
3_item/short	3_item/long	0.54	0.5033333333333333	roc_auc
3_item/short	3_item/long	0.55	0.5466666666666666	roc_auc
3_item/short	3_item/long	0.56	0.41083333333333333	roc_auc
3_item/short	3_item/long	0.57	0.5141666666666667	roc_auc
3_item/short	3_item/long	0.58	0.5683333333333334	roc_auc
3_item/short	3_item/long	0.59	0.4291666666666667	roc_auc
3_item/short	3_item/long	0.6	0.48583333333333334	roc_auc
3_item/short	3_item/long	0.61	0.6325	roc_auc
3_item/short	3_item/long	0.62	0.5066666666666666	roc_auc
3_item/short	3_item/long	0.63	0.5249999999999999	roc_auc
3_item/short	3_item/long	0.64	0.57	roc_auc
3_item/short	3_item/long	0.65	0.5725	roc_auc
3_item/short	3_item/long	0.66	0.4875	roc_auc
3_item/short	3_item/long	0.67	0.43833333333333335	roc_auc
3_item/short	3_item/long	0.68	0.43333333333333335	roc_auc
3_item/short	3_item/long	0.69	0.4325	roc_auc
3_item/short	3_item/long	0.7	0.5991666666666666	roc_auc
3_item/short	3_item/long	0.71	0.5358333333333334	roc_auc
3_item/short	3_item/long	0.72	0.4783333333333334	roc_auc
3_item/short	3_item/long	0.73	0.5291666666666667	roc_auc
3_item/short	3_item/long	0.74	0.45833333333333337	roc_auc
3_item/short	3_item/long	0.75	0.39166666666666666	roc_auc
3_item/short	3_item/long	0.76	0.43583333333333335	roc_auc
3_item/short	3_item/long	0.77	0.5283333333333333	roc_auc
3_item/short	3_item/long	0.78	0.43333333333333335	roc_auc
3_item/short	3_item/long	0.79	0.455	roc_auc
3_item/short	3_item/long	0.8	0.4058333333333333	roc_auc
3_item/short	3_item/long	0.81	0.5708333333333333	roc_auc
3_item/short	3_item/long	0.82	0.48000000000000004	roc_auc
3_item/short	3_item/long	0.83	0.5858333333333334	roc_auc
3_item/short	3_item/long	0.84	0.45999999999999996	roc_auc
3_item/short	3_item/long	0.85	0.47250000000000003	roc_auc
3_item/short	3_item/long	0.86	0.4375	roc_auc
3_item/short	3_item/long	0.87	0.4733333333333334	roc_auc
3_item/short	3_item/long	0.88	0.5233333333333333	roc_auc
3_item/short	3_item/long	0.89	0.54	roc_auc
3_item/short	3_item/long	0.9	0.3483333333333334	roc_auc
3_item/short	3_item/long	0.91	0.5075000000000001	roc_auc
3_item/short	3_item/long	0.92	0.4625	roc_auc
3_item/short	3_item/long	0.93	0.4741666666666667	roc_auc
3_item/short	3_item/long	0.94	0.3816666666666667	roc_auc
3_item/short	3_item/long	0.95	0.3816666666666667	roc_auc
3_item/short	3_item/long	0.96	0.5466666666666666	roc_auc
3_item/short	3_item/long	0.97	0.43999999999999995	roc_auc
3_item/short	3_item/long	0.98	0.38249999999999995	roc_auc
3_item/short	3_item/long	0.99	0.4358333333333333	roc_auc
3_item/short	3_item/long	1.0	0.4525	roc_auc
3_item/short	3_item/long	1.01	0.47583333333333333	roc_auc
3_item/short	3_item/long	1.02	0.5316666666666667	roc_auc
3_item/short	3_item/long	1.03	0.5391666666666666	roc_auc
3_item/short	3_item/long	1.04	0.62	roc_auc
3_item/short	3_item/long	1.05	0.4941666666666667	roc_auc
3_item/short	3_item/long	1.06	0.5041666666666667	roc_auc
3_item/short	3_item/long	1.07	0.5991666666666666	roc_auc
3_item/short	3_item/long	1.08	0.5066666666666667	roc_auc
3_item/short	3_item/long	1.09	0.5341666666666667	roc_auc
3_item/short	3_item/long	1.1	0.38166666666666665	roc_auc
3_item/short	3_item/long	1.11	0.575	roc_auc
3_item/short	3_item/long	1.12	0.4658333333333334	roc_auc
3_item/short	3_item/long	1.13	0.43333333333333335	roc_auc
3_item/short	3_item/long	1.14	0.4741666666666666	roc_auc
3_item/short	3_item/long	1.15	0.6458333333333333	roc_auc
3_item/short	3_item/long	1.16	0.565	roc_auc
3_item/short	3_item/long	1.17	0.5633333333333332	roc_auc
3_item/short	3_item/long	1.18	0.4541666666666667	roc_auc
3_item/short	3_item/long	1.19	0.4866666666666667	roc_auc
3_item/short	3_item/long	1.2	0.6008333333333333	roc_auc
3_item/short	3_item/long	1.21	0.4766666666666667	roc_auc
3_item/short	3_item/long	1.22	0.5808333333333333	roc_auc
3_item/short	3_item/long	1.23	0.585	roc_auc
3_item/short	3_item/long	1.24	0.5983333333333334	roc_auc
3_item/short	3_item/long	1.25	0.44666666666666666	roc_auc
3_item/short	3_item/long	1.26	0.4508333333333333	roc_auc
3_item/short	3_item/long	1.27	0.5375	roc_auc
3_item/short	3_item/long	1.28	0.6675	roc_auc
3_item/short	3_item/long	1.29	0.5166666666666666	roc_auc
3_item/short	3_item/long	1.3	0.36750000000000005	roc_auc
3_item/short	3_item/long	1.31	0.44666666666666666	roc_auc
3_item/short	3_item/long	1.32	0.41583333333333333	roc_auc
3_item/short	3_item/long	1.33	0.5958333333333332	roc_auc
3_item/short	3_item/long	1.34	0.5708333333333333	roc_auc
3_item/short	3_item/long	1.35	0.5183333333333333	roc_auc
3_item/short	3_item/long	1.36	0.5366666666666667	roc_auc
3_item/short	3_item/long	1.37	0.63	roc_auc
3_item/short	3_item/long	1.38	0.5466666666666666	roc_auc
3_item/short	3_item/long	1.39	0.4216666666666667	roc_auc
3_item/short	3_item/long	1.4	0.4675	roc_auc
3_item/short	3_item/long	1.41	0.5941666666666667	roc_auc
3_item/short	3_item/long	1.42	0.5575000000000001	roc_auc
3_item/short	3_item/long	1.43	0.5508333333333333	roc_auc
3_item/short	3_item/long	1.44	0.5475	roc_auc
3_item/short	3_item/long	1.45	0.4325	roc_auc
3_item/short	3_item/long	1.46	0.41083333333333333	roc_auc
3_item/short	3_item/long	1.47	0.5866666666666667	roc_auc
3_item/short	3_item/long	1.48	0.5483333333333332	roc_auc
3_item/short	3_item/long	1.49	0.4391666666666667	roc_auc
3_item/short	3_item/long	1.5	0.6683333333333333	roc_auc
3_item/short	3_item/long	1.51	0.5308333333333333	roc_auc
3_item/short	3_item/long	1.52	0.51	roc_auc
3_item/short	3_item/long	1.53	0.5066666666666667	roc_auc
3_item/short	3_item/long	1.54	0.5333333333333334	roc_auc
3_item/short	3_item/long	1.55	0.5325	roc_auc
3_item/short	3_item/long	1.56	0.585	roc_auc
3_item/short	3_item/long	1.57	0.5616666666666668	roc_auc
3_item/short	3_item/long	1.58	0.46166666666666667	roc_auc
3_item/short	3_item/long	1.59	0.4525	roc_auc
3_item/short	3_item/long	1.6	0.47416666666666674	roc_auc
3_item/short	3_item/long	1.61	0.3375	roc_auc
3_item/short	3_item/long	1.62	0.5	roc_auc
3_item/short	3_item/long	1.63	0.49249999999999994	roc_auc
3_item/short	3_item/long	1.64	0.46499999999999997	roc_auc
3_item/short	3_item/long	1.65	0.5033333333333333	roc_auc
3_item/short	3_item/long	1.66	0.415	roc_auc
3_item/short	3_item/long	1.67	0.45	roc_auc
3_item/short	3_item/long	1.68	0.4441666666666667	roc_auc
3_item/short	3_item/long	1.69	0.5566666666666666	roc_auc
3_item/short	3_item/long	1.7	0.5266666666666666	roc_auc
3_item/short	3_item/long	1.71	0.515	roc_auc
3_item/short	3_item/long	1.72	0.4658333333333333	roc_auc
3_item/short	3_item/long	1.73	0.4225	roc_auc
3_item/short	3_item/long	1.74	0.42333333333333334	roc_auc
3_item/short	3_item/long	1.75	0.52	roc_auc
3_item/short	3_item/long	1.76	0.39	roc_auc
3_item/short	3_item/long	1.77	0.4691666666666666	roc_auc
3_item/short	3_item/long	1.78	0.5066666666666666	roc_auc
3_item/short	3_item/long	1.79	0.5075	roc_auc
3_item/short	3_item/long	1.8	0.4525	roc_auc
3_item/short	3_item/long	1.81	0.5258333333333333	roc_auc
3_item/short	3_item/long	1.82	0.4075	roc_auc
3_item/short	3_item/long	1.83	0.5741666666666667	roc_auc
3_item/short	3_item/long	1.84	0.44500000000000006	roc_auc
3_item/short	3_item/long	1.85	0.5283333333333333	roc_auc
3_item/short	3_item/long	1.86	0.5266666666666666	roc_auc
3_item/short	3_item/long	1.87	0.37083333333333335	roc_auc
3_item/short	3_item/long	1.88	0.4708333333333333	roc_auc
3_item/short	3_item/long	1.89	0.42666666666666664	roc_auc
3_item/short	3_item/long	1.9	0.38916666666666666	roc_auc
3_item/short	3_item/long	1.91	0.48	roc_auc
3_item/short	3_item/long	1.92	0.4258333333333334	roc_auc
3_item/short	3_item/long	1.93	0.59	roc_auc
3_item/short	3_item/long	1.94	0.445	roc_auc
3_item/short	3_item/long	1.95	0.48	roc_auc
3_item/short	3_item/long	1.96	0.5608333333333333	roc_auc
3_item/short	3_item/long	1.97	0.42833333333333334	roc_auc
3_item/short	3_item/long	1.98	0.52	roc_auc
3_item/short	3_item/long	1.99	0.47750000000000004	roc_auc
3_item/short	3_item/long	2.0	0.5175000000000001	roc_auc
3_item/short	3_item/long	2.01	0.6000000000000001	roc_auc
3_item/short	3_item/long	2.02	0.4733333333333334	roc_auc
3_item/short	3_item/long	2.03	0.4525	roc_auc
3_item/short	3_item/long	2.04	0.5091666666666667	roc_auc
3_item/short	3_item/long	2.05	0.44999999999999996	roc_auc
3_item/short	3_item/long	2.06	0.45999999999999996	roc_auc
3_item/short	3_item/long	2.07	0.3875	roc_auc
3_item/short	3_item/long	2.08	0.5866666666666667	roc_auc
3_item/short	3_item/long	2.09	0.5225	roc_auc
3_item/short	3_item/long	2.1	0.5375000000000001	roc_auc
3_item/short	3_item/long	2.11	0.5983333333333334	roc_auc
3_item/short	3_item/long	2.12	0.48916666666666664	roc_auc
3_item/short	3_item/long	2.13	0.5508333333333333	roc_auc
3_item/short	3_item/long	2.14	0.6116666666666666	roc_auc
3_item/short	3_item/long	2.15	0.47333333333333333	roc_auc
3_item/short	3_item/long	2.16	0.445	roc_auc
3_item/short	3_item/long	2.17	0.43583333333333335	roc_auc
3_item/short	3_item/long	2.18	0.51	roc_auc
3_item/short	3_item/long	2.19	0.4291666666666667	roc_auc
3_item/short	3_item/long	2.2	0.39749999999999996	roc_auc
3_item/short	3_item/long	2.21	0.39249999999999996	roc_auc
3_item/short	3_item/long	2.22	0.4525	roc_auc
3_item/short	3_item/long	2.23	0.4641666666666667	roc_auc
3_item/short	3_item/long	2.24	0.42083333333333334	roc_auc
3_item/short	3_item/long	2.25	0.3208333333333333	roc_auc
3_item/short	3_item/long	2.26	0.43333333333333335	roc_auc
3_item/short	3_item/long	2.27	0.4325	roc_auc
3_item/short	3_item/long	2.28	0.4558333333333333	roc_auc
3_item/short	3_item/long	2.29	0.4708333333333333	roc_auc
3_item/short	3_item/long	2.3	0.3825	roc_auc
3_item/short	3_item/long	2.31	0.4658333333333333	roc_auc
3_item/short	3_item/long	2.32	0.49666666666666665	roc_auc
3_item/short	3_item/long	2.33	0.45499999999999996	roc_auc
3_item/short	3_item/long	2.34	0.49416666666666664	roc_auc
3_item/short	3_item/long	2.35	0.5341666666666667	roc_auc
3_item/short	3_item/long	2.36	0.6108333333333333	roc_auc
3_item/short	3_item/long	2.37	0.5891666666666666	roc_auc
3_item/short	3_item/long	2.38	0.40249999999999997	roc_auc
3_item/short	3_item/long	2.39	0.4733333333333334	roc_auc
3_item/short	3_item/long	2.4	0.4116666666666666	roc_auc
3_item/short	3_item/long	2.41	0.4191666666666667	roc_auc
3_item/short	3_item/long	2.42	0.5183333333333333	roc_auc
3_item/short	3_item/long	2.43	0.4775	roc_auc
3_item/short	3_item/long	2.44	0.5741666666666667	roc_auc
3_item/short	3_item/long	2.45	0.4666666666666667	roc_auc
3_item/short	3_item/long	2.46	0.6116666666666666	roc_auc
3_item/short	3_item/long	2.47	0.3783333333333333	roc_auc
3_item/short	3_item/long	2.48	0.4658333333333333	roc_auc
3_item/short	3_item/long	2.49	0.3616666666666667	roc_auc
3_item/short	3_item/long	2.5	0.4475	roc_auc
3_item/short	3_item/long	2.51	0.33749999999999997	roc_auc
3_item/short	3_item/long	2.52	0.42083333333333334	roc_auc
3_item/short	3_item/long	2.53	0.5166666666666666	roc_auc
3_item/short	3_item/long	2.54	0.5641666666666667	roc_auc
3_item/short	3_item/long	2.55	0.5033333333333334	roc_auc
3_item/short	3_item/long	2.56	0.5566666666666666	roc_auc
3_item/short	3_item/long	2.57	0.555	roc_auc
3_item/short	3_item/long	2.58	0.44333333333333336	roc_auc
3_item/short	3_item/long	2.59	0.2808333333333333	roc_auc
3_item/short	3_item/long	2.6	0.3333333333333333	roc_auc
3_item/short	3_item/long	2.61	0.39583333333333337	roc_auc
3_item/short	3_item/long	2.62	0.25749999999999995	roc_auc
3_item/short	3_item/long	2.63	0.3433333333333333	roc_auc
3_item/short	3_item/long	2.64	0.4558333333333333	roc_auc
3_item/short	3_item/long	2.65	0.5358333333333334	roc_auc
3_item/short	3_item/long	2.66	0.665	roc_auc
3_item/short	3_item/long	2.67	0.6208333333333333	roc_auc
3_item/short	3_item/long	2.68	0.4791666666666667	roc_auc
3_item/short	3_item/long	2.69	0.5058333333333334	roc_auc
3_item/short	3_item/long	2.7	0.39416666666666667	roc_auc
3_item/short	3_item/long	2.71	0.39749999999999996	roc_auc
3_item/short	3_item/long	2.72	0.44999999999999996	roc_auc
3_item/short	3_item/long	2.73	0.6108333333333333	roc_auc
3_item/short	3_item/long	2.74	0.6100000000000001	roc_auc
3_item/short	3_item/long	2.75	0.5733333333333333	roc_auc
3_item/short	3_item/long	2.76	0.42583333333333334	roc_auc
3_item/short	3_item/long	2.77	0.42166666666666663	roc_auc
3_item/short	3_item/long	2.78	0.4766666666666667	roc_auc
3_item/short	3_item/long	2.79	0.49583333333333335	roc_auc
3_item/short	3_item/long	2.8	0.5441666666666667	roc_auc
3_item/short	3_item/long	2.81	0.5933333333333333	roc_auc
3_item/short	3_item/long	2.82	0.6074999999999999	roc_auc
3_item/short	3_item/long	2.83	0.5391666666666666	roc_auc
3_item/short	3_item/long	2.84	0.48000000000000004	roc_auc
3_item/short	3_item/long	2.85	0.48166666666666663	roc_auc
3_item/short	3_item/long	2.86	0.5225	roc_auc
3_item/short	3_item/long	2.87	0.3783333333333333	roc_auc
3_item/short	3_item/long	2.88	0.5108333333333334	roc_auc
3_item/short	3_item/long	2.89	0.5166666666666666	roc_auc
3_item/short	3_item/long	2.9	0.5966666666666667	roc_auc
3_item/short	3_item/long	2.91	0.5316666666666666	roc_auc
3_item/short	3_item/long	2.92	0.6200000000000001	roc_auc
3_item/short	3_item/long	2.93	0.5783333333333334	roc_auc
3_item/short	3_item/long	2.94	0.4016666666666667	roc_auc
3_item/short	3_item/long	2.95	0.525	roc_auc
3_item/short	3_item/long	2.96	0.565	roc_auc
3_item/short	3_item/long	2.97	0.5716666666666668	roc_auc
3_item/short	3_item/long	2.98	0.4916666666666667	roc_auc
3_item/short	3_item/long	2.99	0.6299999999999999	roc_auc
3_item/short	3_item/long	3.0	0.5	roc_auc
3_item/short	3_item/long	3.01	0.4958333333333333	roc_auc
3_item/short	3_item/long	3.02	0.3825	roc_auc
3_item/short	3_item/long	3.03	0.49416666666666664	roc_auc
3_item/short	3_item/long	3.04	0.5058333333333334	roc_auc
3_item/short	3_item/long	3.05	0.4575	roc_auc
3_item/short	3_item/long	3.06	0.49166666666666675	roc_auc
3_item/short	3_item/long	3.07	0.49416666666666664	roc_auc
3_item/short	3_item/long	3.08	0.6016666666666667	roc_auc
3_item/short	3_item/long	3.09	0.49583333333333335	roc_auc
3_item/short	3_item/long	3.1	0.5075000000000001	roc_auc
3_item/short	3_item/long	3.11	0.485	roc_auc
3_item/short	3_item/long	3.12	0.5483333333333333	roc_auc
3_item/short	3_item/long	3.13	0.5891666666666666	roc_auc
3_item/short	3_item/long	3.14	0.48583333333333334	roc_auc
3_item/short	3_item/long	3.15	0.43833333333333335	roc_auc
3_item/short	3_item/long	3.16	0.62	roc_auc
3_item/short	3_item/long	3.17	0.5441666666666667	roc_auc
3_item/short	3_item/long	3.18	0.4875	roc_auc
3_item/short	3_item/long	3.19	0.6275	roc_auc
3_item/short	3_item/long	3.2	0.5891666666666666	roc_auc
3_item/short	3_item/long	3.21	0.5391666666666666	roc_auc
3_item/short	3_item/long	3.22	0.44166666666666665	roc_auc
3_item/short	3_item/long	3.23	0.475	roc_auc
3_item/short	3_item/long	3.24	0.5533333333333333	roc_auc
3_item/short	3_item/long	3.25	0.385	roc_auc
3_item/short	3_item/long	3.26	0.3075	roc_auc
3_item/short	3_item/long	3.27	0.49916666666666665	roc_auc
3_item/short	3_item/long	3.28	0.36750000000000005	roc_auc
3_item/short	3_item/long	3.29	0.6400000000000001	roc_auc
3_item/short	3_item/long	3.3	0.5033333333333334	roc_auc
3_item/short	3_item/long	3.31	0.4275	roc_auc
3_item/short	3_item/long	3.32	0.4425	roc_auc
3_item/short	3_item/long	3.33	0.4658333333333333	roc_auc
3_item/short	3_item/long	3.34	0.4691666666666667	roc_auc
3_item/short	3_item/long	3.35	0.675	roc_auc
3_item/short	3_item/long	3.36	0.5191666666666667	roc_auc
3_item/short	3_item/long	3.37	0.5216666666666666	roc_auc
3_item/short	3_item/long	3.38	0.5483333333333333	roc_auc
3_item/short	3_item/long	3.39	0.5558333333333334	roc_auc
3_item/short	3_item/long	3.4	0.44666666666666666	roc_auc
3_item/short	3_item/long	3.41	0.5058333333333334	roc_auc
3_item/short	3_item/long	3.42	0.3441666666666667	roc_auc
3_item/short	3_item/long	3.43	0.37583333333333335	roc_auc
3_item/short	3_item/long	3.44	0.5016666666666667	roc_auc
3_item/short	3_item/long	3.45	0.4516666666666667	roc_auc
3_item/short	3_item/long	3.46	0.4016666666666667	roc_auc
3_item/short	3_item/long	3.47	0.5900000000000001	roc_auc
3_item/short	3_item/long	3.48	0.5466666666666666	roc_auc
3_item/short	3_item/long	3.49	0.5583333333333333	roc_auc
3_item/short	3_item/long	3.5	0.5391666666666667	roc_auc
3_item/short	3_item/long	3.51	0.5058333333333334	roc_auc
3_item/short	3_item/long	3.52	0.41500000000000004	roc_auc
3_item/short	3_item/long	3.53	0.5158333333333334	roc_auc
3_item/short	3_item/long	3.54	0.545	roc_auc
3_item/short	3_item/long	3.55	0.5691666666666666	roc_auc
3_item/short	3_item/long	3.56	0.5283333333333333	roc_auc
3_item/short	3_item/long	3.57	0.5608333333333333	roc_auc
3_item/short	3_item/long	3.58	0.5516666666666666	roc_auc
3_item/short	3_item/long	3.59	0.5066666666666666	roc_auc
3_item/short	3_item/long	3.6	0.4666666666666667	roc_auc
3_item/short	3_item/long	3.61	0.4708333333333333	roc_auc
3_item/short	3_item/long	3.62	0.4625	roc_auc
3_item/short	3_item/long	3.63	0.5258333333333334	roc_auc
3_item/short	3_item/long	3.64	0.5283333333333333	roc_auc
3_item/short	3_item/long	3.65	0.5416666666666667	roc_auc
3_item/short	3_item/long	3.66	0.5033333333333334	roc_auc
3_item/short	3_item/long	3.67	0.44583333333333336	roc_auc
3_item/short	3_item/long	3.68	0.5783333333333334	roc_auc
3_item/short	3_item/long	3.69	0.5275000000000001	roc_auc
3_item/short	3_item/long	3.7	0.6066666666666667	roc_auc
3_item/short	3_item/long	3.71	0.5716666666666667	roc_auc
3_item/short	3_item/long	3.72	0.48583333333333334	roc_auc
3_item/short	3_item/long	3.73	0.40249999999999997	roc_auc
3_item/short	3_item/long	3.74	0.5958333333333334	roc_auc
3_item/short	3_item/long	3.75	0.37083333333333335	roc_auc
3_item/short	3_item/long	3.76	0.5275000000000001	roc_auc
3_item/short	3_item/long	3.77	0.37333333333333335	roc_auc
3_item/short	3_item/long	3.78	0.42833333333333334	roc_auc
3_item/short	3_item/long	3.79	0.4358333333333333	roc_auc
3_item/short	3_item/long	3.8	0.4066666666666667	roc_auc
3_item/short	3_item/long	3.81	0.5008333333333334	roc_auc
3_item/short	3_item/long	3.82	0.5191666666666667	roc_auc
3_item/short	3_item/long	3.83	0.5183333333333333	roc_auc
3_item/short	3_item/long	3.84	0.46166666666666667	roc_auc
3_item/short	3_item/long	3.85	0.525	roc_auc
3_item/short	3_item/long	3.86	0.4458333333333333	roc_auc
3_item/short	3_item/long	3.87	0.3675	roc_auc
3_item/short	3_item/long	3.88	0.5108333333333333	roc_auc
3_item/short	3_item/long	3.89	0.42250000000000004	roc_auc
3_item/short	3_item/long	3.9	0.5041666666666667	roc_auc
3_item/short	3_item/long	3.91	0.32166666666666666	roc_auc
3_item/short	3_item/long	3.92	0.4175	roc_auc
3_item/short	3_item/long	3.93	0.425	roc_auc
3_item/short	3_item/long	3.94	0.44666666666666666	roc_auc
3_item/short	3_item/long	3.95	0.4	roc_auc
3_item/short	3_item/long	3.96	0.44833333333333336	roc_auc
3_item/short	3_item/long	3.97	0.5733333333333335	roc_auc
3_item/short	3_item/long	3.98	0.5258333333333334	roc_auc
3_item/short	3_item/long	3.99	0.5108333333333334	roc_auc
3_item/short	3_item/long	4.0	0.47	roc_auc
3_item/short	3_item/long	4.01	0.4591666666666666	roc_auc
3_item/short	3_item/long	4.02	0.4583333333333333	roc_auc
3_item/short	3_item/long	4.03	0.5616666666666666	roc_auc
3_item/short	3_item/long	4.04	0.48666666666666664	roc_auc
3_item/short	3_item/long	4.05	0.43333333333333335	roc_auc
3_item/short	3_item/long	4.06	0.6166666666666667	roc_auc
3_item/short	3_item/long	4.07	0.4691666666666666	roc_auc
3_item/short	3_item/long	4.08	0.595	roc_auc
3_item/short	3_item/long	4.09	0.43416666666666665	roc_auc
3_item/short	3_item/long	4.1	0.4925	roc_auc
3_item/short	3_item/long	4.11	0.6091666666666666	roc_auc
3_item/short	3_item/long	4.12	0.40166666666666667	roc_auc
3_item/short	3_item/long	4.13	0.38916666666666666	roc_auc
3_item/short	3_item/long	4.14	0.5758333333333333	roc_auc
3_item/short	3_item/long	4.15	0.4008333333333333	roc_auc
3_item/short	3_item/long	4.16	0.5016666666666667	roc_auc
3_item/short	3_item/long	4.17	0.54	roc_auc
3_item/short	3_item/long	4.18	0.4741666666666667	roc_auc
3_item/short	3_item/long	4.19	0.5275000000000001	roc_auc
3_item/short	3_item/long	4.2	0.6066666666666667	roc_auc
3_item/short	3_item/long	4.21	0.43	roc_auc
3_item/short	3_item/long	4.22	0.45499999999999996	roc_auc
3_item/short	3_item/long	4.23	0.46249999999999997	roc_auc
3_item/short	3_item/long	4.24	0.6141666666666667	roc_auc
3_item/short	3_item/long	4.25	0.425	roc_auc
3_item/short	3_item/long	4.26	0.49	roc_auc
3_item/short	3_item/long	4.27	0.4975	roc_auc
3_item/short	3_item/long	4.28	0.49416666666666664	roc_auc
3_item/short	3_item/long	4.29	0.41833333333333333	roc_auc
3_item/short	3_item/long	4.3	0.58	roc_auc
3_item/short	3_item/long	4.31	0.48583333333333334	roc_auc
3_item/short	3_item/long	4.32	0.5058333333333334	roc_auc
3_item/short	3_item/long	4.33	0.5041666666666667	roc_auc
3_item/short	3_item/long	4.34	0.5391666666666667	roc_auc
3_item/short	3_item/long	4.35	0.4375	roc_auc
3_item/short	3_item/long	4.36	0.4691666666666666	roc_auc
3_item/short	3_item/long	4.37	0.36916666666666664	roc_auc
3_item/short	3_item/long	4.38	0.45916666666666667	roc_auc
3_item/short	3_item/long	4.39	0.46416666666666667	roc_auc
3_item/short	3_item/long	4.4	0.5041666666666667	roc_auc
3_item/short	3_item/long	4.41	0.3433333333333333	roc_auc
3_item/short	3_item/long	4.42	0.5183333333333333	roc_auc
3_item/short	3_item/long	4.43	0.5133333333333333	roc_auc
3_item/short	3_item/long	4.44	0.4458333333333333	roc_auc
3_item/short	3_item/long	4.45	0.4041666666666667	roc_auc
3_item/short	3_item/long	4.46	0.4758333333333334	roc_auc
3_item/short	3_item/long	4.47	0.5508333333333334	roc_auc
3_item/short	3_item/long	4.48	0.5774999999999999	roc_auc
3_item/short	3_item/long	4.49	0.395	roc_auc
3_item/short	3_item/long	4.5	0.5458333333333334	roc_auc
3_item/short	3_item/long	4.51	0.49250000000000005	roc_auc
3_item/short	3_item/long	4.52	0.5625	roc_auc
3_item/short	3_item/long	4.53	0.48583333333333334	roc_auc
3_item/short	3_item/long	4.54	0.5075000000000001	roc_auc
3_item/short	3_item/long	4.55	0.46416666666666667	roc_auc
3_item/short	3_item/long	4.56	0.4783333333333333	roc_auc
3_item/short	3_item/long	4.57	0.485	roc_auc
3_item/short	3_item/long	4.58	0.6225	roc_auc
3_item/short	3_item/long	4.59	0.615	roc_auc
3_item/short	3_item/long	4.6	0.42916666666666664	roc_auc
3_item/short	3_item/long	4.61	0.4341666666666667	roc_auc
3_item/short	3_item/long	4.62	0.5208333333333334	roc_auc
3_item/short	3_item/long	4.63	0.4666666666666666	roc_auc
3_item/short	3_item/long	4.64	0.37833333333333335	roc_auc
3_item/short	3_item/long	4.65	0.5025	roc_auc
3_item/short	3_item/long	4.66	0.4991666666666667	roc_auc
3_item/short	3_item/long	4.67	0.4391666666666667	roc_auc
3_item/short	3_item/long	4.68	0.495	roc_auc
3_item/short	3_item/long	4.69	0.5416666666666666	roc_auc
3_item/short	3_item/long	4.7	0.545	roc_auc
3_item/short	3_item/long	4.71	0.44499999999999995	roc_auc
3_item/short	3_item/long	4.72	0.5208333333333334	roc_auc
3_item/short	3_item/long	4.73	0.45500000000000007	roc_auc
3_item/short	3_item/long	4.74	0.39083333333333337	roc_auc
3_item/short	3_item/long	4.75	0.5175000000000001	roc_auc
3_item/short	3_item/long	4.76	0.36	roc_auc
3_item/short	3_item/long	4.77	0.435	roc_auc
3_item/short	3_item/long	4.78	0.52	roc_auc
3_item/short	3_item/long	4.79	0.495	roc_auc
3_item/short	3_item/long	4.8	0.4375	roc_auc
3_item/short	3_item/long	4.81	0.475	roc_auc
3_item/short	3_item/long	4.82	0.41833333333333333	roc_auc
3_item/short	3_item/long	4.83	0.5149999999999999	roc_auc
3_item/short	3_item/long	4.84	0.4566666666666666	roc_auc
3_item/short	3_item/long	4.85	0.45166666666666666	roc_auc
3_item/short	3_item/long	4.86	0.5708333333333333	roc_auc
3_item/short	3_item/long	4.87	0.485	roc_auc
3_item/short	3_item/long	4.88	0.45500000000000007	roc_auc
3_item/short	3_item/long	4.89	0.5066666666666667	roc_auc
3_item/short	3_item/long	4.9	0.43666666666666665	roc_auc
3_item/short	3_item/long	4.91	0.30666666666666664	roc_auc
3_item/short	3_item/long	4.92	0.5008333333333334	roc_auc
3_item/short	3_item/long	4.93	0.5249999999999999	roc_auc
3_item/short	3_item/long	4.94	0.5033333333333333	roc_auc
3_item/short	3_item/long	4.95	0.43833333333333335	roc_auc
3_item/short	3_item/long	4.96	0.5708333333333333	roc_auc
3_item/short	3_item/long	4.97	0.4175	roc_auc
3_item/short	3_item/long	4.98	0.5758333333333333	roc_auc
3_item/short	3_item/long	4.99	0.4341666666666667	roc_auc
3_item/short	3_item/long	5.0	0.4883333333333333	roc_auc
